{"TSLA": {"sentiment": -0.18249274891217007, "timestamp": 1743224724.534237}}